phase,suite,benchmark_suite,task_id,task_name,instruction,episode_id,seed,attempt,status,success,total_action_steps,action_chunk_size,action_execution_steps,control_mode,source_state_dim,model_state_dim,state_projection,input_shapes,policy_inference_mean_ms,policy_inference_p95_ms,chunk_inference_mean_ms,episode_wall_seconds,gpu_peak_allocated_bytes,gpu_peak_reserved_bytes,video_path,video_sha256,trajectory_path,metadata_path,error
smoke,spatial,libero_spatial,0,pick_up_the_black_bowl_between_the_plate_and_the_ramekin_and_place_it_on_the_plate,pick up the black bowl between the plate and the ramekin and place it on the plate,0,81000,2,complete,False,220,50,50,relative,8,6,full LIBERO pose and gripper state; official normalizer width 8; policy feature schema width 6,"{""observation.images.camera1"": [1, 3, 256, 256], ""observation.images.camera2"": [1, 3, 256, 256], ""observation.language.attention_mask"": [1, 48], ""observation.language.tokens"": [1, 48], ""observation.state"": [1, 8]}",11.740192395454544,2.6185599999999964,432.7988085999999,52.822689064996666,964068864,1002438656,/data/vla-forge/reports/vla_forge_2_transition_20261010/milestones/M01_real_libero/videos/smoke_spatial_task0_episode00_attempt2.mp4,fd921dbacb017490b5d056e1cb7f3d8f1741a494ede7abd8866fde0c940d4912,/data/vla-forge/reports/vla_forge_2_transition_20261010/milestones/M01_real_libero/registry/runs/20261010T011831-b12b7d109da3/rollout-d56469c55924d030/trajectory.npz,/data/vla-forge/reports/vla_forge_2_transition_20261010/milestones/M01_real_libero/registry/runs/20261010T011831-b12b7d109da3/episodes/smoke_spatial_task0_episode00_attempt2/rollout.json,
smoke,spatial,libero_spatial,0,pick_up_the_black_bowl_between_the_plate_and_the_ramekin_and_place_it_on_the_plate,pick up the black bowl between the plate and the ramekin and place it on the plate,1,81001,2,complete,True,79,50,50,relative,8,6,full LIBERO pose and gripper state; official normalizer width 8; policy feature schema width 6,"{""observation.images.camera1"": [1, 3, 256, 256], ""observation.images.camera2"": [1, 3, 256, 256], ""observation.language.attention_mask"": [1, 48], ""observation.language.tokens"": [1, 48], ""observation.state"": [1, 8]}",9.690381392405065,2.8425555,307.271874,18.307191075000446,964068864,1002438656,/data/vla-forge/reports/vla_forge_2_transition_20261010/milestones/M01_real_libero/videos/smoke_spatial_task0_episode01_attempt2.mp4,8d2483984d58c2ff339929b88bf70d893acec13f60286492847a1a4902c27e18,/data/vla-forge/reports/vla_forge_2_transition_20261010/milestones/M01_real_libero/registry/runs/20261010T011831-b12b7d109da3/rollout-c78d52d48007795b/trajectory.npz,/data/vla-forge/reports/vla_forge_2_transition_20261010/milestones/M01_real_libero/registry/runs/20261010T011831-b12b7d109da3/episodes/smoke_spatial_task0_episode01_attempt2/rollout.json,
smoke,spatial,libero_spatial,0,pick_up_the_black_bowl_between_the_plate_and_the_ramekin_and_place_it_on_the_plate,pick up the black bowl between the plate and the ramekin and place it on the plate,2,81002,2,complete,False,220,50,50,relative,8,6,full LIBERO pose and gripper state; official normalizer width 8; policy feature schema width 6,"{""observation.images.camera1"": [1, 3, 256, 256], ""observation.images.camera2"": [1, 3, 256, 256], ""observation.language.attention_mask"": [1, 48], ""observation.language.tokens"": [1, 48], ""observation.state"": [1, 8]}",8.76850310909091,2.9171743499999994,300.5548514,50.44534319300146,964068864,1002438656,/data/vla-forge/reports/vla_forge_2_transition_20261010/milestones/M01_real_libero/videos/smoke_spatial_task0_episode02_attempt2.mp4,7a93c506cc99afaf404683b40642ebc000c695cc72612d6f98431555b4a1c06b,/data/vla-forge/reports/vla_forge_2_transition_20261010/milestones/M01_real_libero/registry/runs/20261010T011831-b12b7d109da3/rollout-c1d9c353cda6b08f/trajectory.npz,/data/vla-forge/reports/vla_forge_2_transition_20261010/milestones/M01_real_libero/registry/runs/20261010T011831-b12b7d109da3/episodes/smoke_spatial_task0_episode02_attempt2/rollout.json,
formal,spatial,libero_spatial,0,pick_up_the_black_bowl_between_the_plate_and_the_ramekin_and_place_it_on_the_plate,pick up the black bowl between the plate and the ramekin and place it on the plate,0,81000,1,complete,False,220,50,50,relative,8,6,full LIBERO pose and gripper state; official normalizer width 8; policy feature schema width 6,"{""observation.images.camera1"": [1, 3, 256, 256], ""observation.images.camera2"": [1, 3, 256, 256], ""observation.language.attention_mask"": [1, 48], ""observation.language.tokens"": [1, 48], ""observation.state"": [1, 8]}",12.534146427272729,2.754056649999997,464.2954412,52.68143631100247,964068864,1002438656,/data/vla-forge/reports/vla_forge_2_transition_20261010/milestones/M01_real_libero/videos/formal_spatial_task0_episode00_attempt1.mp4,fd921dbacb017490b5d056e1cb7f3d8f1741a494ede7abd8866fde0c940d4912,/data/vla-forge/reports/vla_forge_2_transition_20261010/milestones/M01_real_libero/registry/runs/20261010T012129-4990a90f17c7/rollout-d56469c55924d030/trajectory.npz,/data/vla-forge/reports/vla_forge_2_transition_20261010/milestones/M01_real_libero/registry/runs/20261010T012129-4990a90f17c7/episodes/formal_spatial_task0_episode00_attempt1/rollout.json,
formal,spatial,libero_spatial,0,pick_up_the_black_bowl_between_the_plate_and_the_ramekin_and_place_it_on_the_plate,pick up the black bowl between the plate and the ramekin and place it on the plate,1,81001,1,complete,True,79,50,50,relative,8,6,full LIBERO pose and gripper state; official normalizer width 8; policy feature schema width 6,"{""observation.images.camera1"": [1, 3, 256, 256], ""observation.images.camera2"": [1, 3, 256, 256], ""observation.language.attention_mask"": [1, 48], ""observation.language.tokens"": [1, 48], ""observation.state"": [1, 8]}",10.175637848101266,3.4358325999999986,319.7356,18.892066289001377,964068864,1002438656,/data/vla-forge/reports/vla_forge_2_transition_20261010/milestones/M01_real_libero/videos/formal_spatial_task0_episode01_attempt1.mp4,8d2483984d58c2ff339929b88bf70d893acec13f60286492847a1a4902c27e18,/data/vla-forge/reports/vla_forge_2_transition_20261010/milestones/M01_real_libero/registry/runs/20261010T012129-4990a90f17c7/rollout-c78d52d48007795b/trajectory.npz,/data/vla-forge/reports/vla_forge_2_transition_20261010/milestones/M01_real_libero/registry/runs/20261010T012129-4990a90f17c7/episodes/formal_spatial_task0_episode01_attempt1/rollout.json,
formal,spatial,libero_spatial,0,pick_up_the_black_bowl_between_the_plate_and_the_ramekin_and_place_it_on_the_plate,pick up the black bowl between the plate and the ramekin and place it on the plate,2,81002,1,complete,False,220,50,50,relative,8,6,full LIBERO pose and gripper state; official normalizer width 8; policy feature schema width 6,"{""observation.images.camera1"": [1, 3, 256, 256], ""observation.images.camera2"": [1, 3, 256, 256], ""observation.language.attention_mask"": [1, 48], ""observation.language.tokens"": [1, 48], ""observation.state"": [1, 8]}",9.139207945454546,3.0880953999999994,316.40127240000004,50.31362845900003,964068864,1002438656,/data/vla-forge/reports/vla_forge_2_transition_20261010/milestones/M01_real_libero/videos/formal_spatial_task0_episode02_attempt1.mp4,7a93c506cc99afaf404683b40642ebc000c695cc72612d6f98431555b4a1c06b,/data/vla-forge/reports/vla_forge_2_transition_20261010/milestones/M01_real_libero/registry/runs/20261010T012129-4990a90f17c7/rollout-c1d9c353cda6b08f/trajectory.npz,/data/vla-forge/reports/vla_forge_2_transition_20261010/milestones/M01_real_libero/registry/runs/20261010T012129-4990a90f17c7/episodes/formal_spatial_task0_episode02_attempt1/rollout.json,
formal,spatial,libero_spatial,0,pick_up_the_black_bowl_between_the_plate_and_the_ramekin_and_place_it_on_the_plate,pick up the black bowl between the plate and the ramekin and place it on the plate,3,81003,1,complete,True,81,50,50,relative,8,6,full LIBERO pose and gripper state; official normalizer width 8; policy feature schema width 6,"{""observation.images.camera1"": [1, 3, 256, 256], ""observation.images.camera2"": [1, 3, 256, 256], ""observation.language.attention_mask"": [1, 48], ""observation.language.tokens"": [1, 48], ""observation.state"": [1, 8]}",9.38615902469136,2.579571,302.6380825,18.908078494998335,964068864,1002438656,/data/vla-forge/reports/vla_forge_2_transition_20261010/milestones/M01_real_libero/videos/formal_spatial_task0_episode03_attempt1.mp4,0d13ad9d0901590c9eafdbc86d96d9b6c4ae6d1de0e1d621b6259caa6e880479,/data/vla-forge/reports/vla_forge_2_transition_20261010/milestones/M01_real_libero/registry/runs/20261010T012129-4990a90f17c7/rollout-226dee0c2e93bcef/trajectory.npz,/data/vla-forge/reports/vla_forge_2_transition_20261010/milestones/M01_real_libero/registry/runs/20261010T012129-4990a90f17c7/episodes/formal_spatial_task0_episode03_attempt1/rollout.json,
formal,spatial,libero_spatial,0,pick_up_the_black_bowl_between_the_plate_and_the_ramekin_and_place_it_on_the_plate,pick up the black bowl between the plate and the ramekin and place it on the plate,4,81004,1,complete,False,220,50,50,relative,8,6,full LIBERO pose and gripper state; official normalizer width 8; policy feature schema width 6,"{""observation.images.camera1"": [1, 3, 256, 256], ""observation.images.camera2"": [1, 3, 256, 256], ""observation.language.attention_mask"": [1, 48], ""observation.language.tokens"": [1, 48], ""observation.state"": [1, 8]}",8.688455781818183,2.8555992499999983,296.1850936,51.46896787000151,964068864,1002438656,/data/vla-forge/reports/vla_forge_2_transition_20261010/milestones/M01_real_libero/videos/formal_spatial_task0_episode04_attempt1.mp4,10bcb57901310fe077c998119647d0808ec481bc927ae054d0bdc2e927057db3,/data/vla-forge/reports/vla_forge_2_transition_20261010/milestones/M01_real_libero/registry/runs/20261010T012129-4990a90f17c7/rollout-ce788b9018e2a09a/trajectory.npz,/data/vla-forge/reports/vla_forge_2_transition_20261010/milestones/M01_real_libero/registry/runs/20261010T012129-4990a90f17c7/episodes/formal_spatial_task0_episode04_attempt1/rollout.json,
formal,spatial,libero_spatial,0,pick_up_the_black_bowl_between_the_plate_and_the_ramekin_and_place_it_on_the_plate,pick up the black bowl between the plate and the ramekin and place it on the plate,5,81005,1,complete,False,220,50,50,relative,8,6,full LIBERO pose and gripper state; official normalizer width 8; policy feature schema width 6,"{""observation.images.camera1"": [1, 3, 256, 256], ""observation.images.camera2"": [1, 3, 256, 256], ""observation.language.attention_mask"": [1, 48], ""observation.language.tokens"": [1, 48], ""observation.state"": [1, 8]}",8.611216540909092,2.6717488499999997,294.5479436,50.313428904999455,964068864,1002438656,/data/vla-forge/reports/vla_forge_2_transition_20261010/milestones/M01_real_libero/videos/formal_spatial_task0_episode05_attempt1.mp4,679295ef9d741964237bc26eb2bcaa82e49beaafcb653f183364cdf960ec3c66,/data/vla-forge/reports/vla_forge_2_transition_20261010/milestones/M01_real_libero/registry/runs/20261010T012129-4990a90f17c7/rollout-fc208b35efe02f24/trajectory.npz,/data/vla-forge/reports/vla_forge_2_transition_20261010/milestones/M01_real_libero/registry/runs/20261010T012129-4990a90f17c7/episodes/formal_spatial_task0_episode05_attempt1/rollout.json,
formal,spatial,libero_spatial,0,pick_up_the_black_bowl_between_the_plate_and_the_ramekin_and_place_it_on_the_plate,pick up the black bowl between the plate and the ramekin and place it on the plate,6,81006,1,complete,True,75,50,50,relative,8,6,full LIBERO pose and gripper state; official normalizer width 8; policy feature schema width 6,"{""observation.images.camera1"": [1, 3, 256, 256], ""observation.images.camera2"": [1, 3, 256, 256], ""observation.language.attention_mask"": [1, 48], ""observation.language.tokens"": [1, 48], ""observation.state"": [1, 8]}",9.820122106666668,2.4048513999999988,298.102417,17.63557099099853,964068864,1002438656,/data/vla-forge/reports/vla_forge_2_transition_20261010/milestones/M01_real_libero/videos/formal_spatial_task0_episode06_attempt1.mp4,c61ece08c9d413a5eae4c919989475db31fdf3c379906ab3495222aca25500e7,/data/vla-forge/reports/vla_forge_2_transition_20261010/milestones/M01_real_libero/registry/runs/20261010T012129-4990a90f17c7/rollout-1d2b9a08abee05d0/trajectory.npz,/data/vla-forge/reports/vla_forge_2_transition_20261010/milestones/M01_real_libero/registry/runs/20261010T012129-4990a90f17c7/episodes/formal_spatial_task0_episode06_attempt1/rollout.json,
formal,spatial,libero_spatial,0,pick_up_the_black_bowl_between_the_plate_and_the_ramekin_and_place_it_on_the_plate,pick up the black bowl between the plate and the ramekin and place it on the plate,7,81007,1,complete,False,220,50,50,relative,8,6,full LIBERO pose and gripper state; official normalizer width 8; policy feature schema width 6,"{""observation.images.camera1"": [1, 3, 256, 256], ""observation.images.camera2"": [1, 3, 256, 256], ""observation.language.attention_mask"": [1, 48], ""observation.language.tokens"": [1, 48], ""observation.state"": [1, 8]}",8.711201313636364,2.4744030999999973,298.99596999999994,50.65546760800498,964068864,1002438656,/data/vla-forge/reports/vla_forge_2_transition_20261010/milestones/M01_real_libero/videos/formal_spatial_task0_episode07_attempt1.mp4,32756e26612540a666c652c6bde2b6a130116a1070830990c9532cb4b8871fbc,/data/vla-forge/reports/vla_forge_2_transition_20261010/milestones/M01_real_libero/registry/runs/20261010T012129-4990a90f17c7/rollout-14bc254a0d23b2a9/trajectory.npz,/data/vla-forge/reports/vla_forge_2_transition_20261010/milestones/M01_real_libero/registry/runs/20261010T012129-4990a90f17c7/episodes/formal_spatial_task0_episode07_attempt1/rollout.json,
formal,spatial,libero_spatial,0,pick_up_the_black_bowl_between_the_plate_and_the_ramekin_and_place_it_on_the_plate,pick up the black bowl between the plate and the ramekin and place it on the plate,8,81008,1,complete,True,83,50,50,relative,8,6,full LIBERO pose and gripper state; official normalizer width 8; policy feature schema width 6,"{""observation.images.camera1"": [1, 3, 256, 256], ""observation.images.camera2"": [1, 3, 256, 256], ""observation.language.attention_mask"": [1, 48], ""observation.language.tokens"": [1, 48], ""observation.state"": [1, 8]}",9.091124228915662,2.8261134999999964,298.278001,19.35079984299955,964068864,1002438656,/data/vla-forge/reports/vla_forge_2_transition_20261010/milestones/M01_real_libero/videos/formal_spatial_task0_episode08_attempt1.mp4,e6d0d0a14b38087c7ad05456f68b7453de22882516ae3161832c232ff2db851b,/data/vla-forge/reports/vla_forge_2_transition_20261010/milestones/M01_real_libero/registry/runs/20261010T012129-4990a90f17c7/rollout-aa1e5b66a0dae49c/trajectory.npz,/data/vla-forge/reports/vla_forge_2_transition_20261010/milestones/M01_real_libero/registry/runs/20261010T012129-4990a90f17c7/episodes/formal_spatial_task0_episode08_attempt1/rollout.json,
formal,spatial,libero_spatial,0,pick_up_the_black_bowl_between_the_plate_and_the_ramekin_and_place_it_on_the_plate,pick up the black bowl between the plate and the ramekin and place it on the plate,9,81009,1,complete,True,76,50,50,relative,8,6,full LIBERO pose and gripper state; official normalizer width 8; policy feature schema width 6,"{""observation.images.camera1"": [1, 3, 256, 256], ""observation.images.camera2"": [1, 3, 256, 256], ""observation.language.attention_mask"": [1, 48], ""observation.language.tokens"": [1, 48], ""observation.state"": [1, 8]}",9.849100144736843,2.71469375,300.884688,17.78803224400326,964068864,1002438656,/data/vla-forge/reports/vla_forge_2_transition_20261010/milestones/M01_real_libero/videos/formal_spatial_task0_episode09_attempt1.mp4,706ea0f280ea483ae35f94b7730827ef7ec4de9e9cc1895bae0fa4cef4df0cd2,/data/vla-forge/reports/vla_forge_2_transition_20261010/milestones/M01_real_libero/registry/runs/20261010T012129-4990a90f17c7/rollout-ce76f747f091db27/trajectory.npz,/data/vla-forge/reports/vla_forge_2_transition_20261010/milestones/M01_real_libero/registry/runs/20261010T012129-4990a90f17c7/episodes/formal_spatial_task0_episode09_attempt1/rollout.json,
formal,object,libero_object,0,pick_up_the_alphabet_soup_and_place_it_in_the_basket,pick up the alphabet soup and place it in the basket,0,81100,1,complete,True,129,50,50,relative,8,6,full LIBERO pose and gripper state; official normalizer width 8; policy feature schema width 6,"{""observation.images.camera1"": [1, 3, 256, 256], ""observation.images.camera2"": [1, 3, 256, 256], ""observation.language.attention_mask"": [1, 48], ""observation.language.tokens"": [1, 48], ""observation.state"": [1, 8]}",9.344495395348838,2.6157432000000003,317.27947033333334,19.633492216002196,964068864,1002438656,/data/vla-forge/reports/vla_forge_2_transition_20261010/milestones/M01_real_libero/videos/formal_object_task0_episode00_attempt1.mp4,137e687311c4e0ef1c524c3991052cc6c7989f31199068fe18dd3a5e4e43281b,/data/vla-forge/reports/vla_forge_2_transition_20261010/milestones/M01_real_libero/registry/runs/20261010T012129-4990a90f17c7/rollout-5862f636e75f5689/trajectory.npz,/data/vla-forge/reports/vla_forge_2_transition_20261010/milestones/M01_real_libero/registry/runs/20261010T012129-4990a90f17c7/episodes/formal_object_task0_episode00_attempt1/rollout.json,
formal,object,libero_object,0,pick_up_the_alphabet_soup_and_place_it_in_the_basket,pick up the alphabet soup and place it in the basket,1,81101,1,complete,True,128,50,50,relative,8,6,full LIBERO pose and gripper state; official normalizer width 8; policy feature schema width 6,"{""observation.images.camera1"": [1, 3, 256, 256], ""observation.images.camera2"": [1, 3, 256, 256], ""observation.language.attention_mask"": [1, 48], ""observation.language.tokens"": [1, 48], ""observation.state"": [1, 8]}",8.8602673828125,2.7298854499999994,295.0866326666667,19.00331804400048,964068864,1002438656,/data/vla-forge/reports/vla_forge_2_transition_20261010/milestones/M01_real_libero/videos/formal_object_task0_episode01_attempt1.mp4,eb65bad9d581983c9fae69214a3ee4545cb4f99639e35294a3ca85eedd8166af,/data/vla-forge/reports/vla_forge_2_transition_20261010/milestones/M01_real_libero/registry/runs/20261010T012129-4990a90f17c7/rollout-83b89c96c6d9025d/trajectory.npz,/data/vla-forge/reports/vla_forge_2_transition_20261010/milestones/M01_real_libero/registry/runs/20261010T012129-4990a90f17c7/episodes/formal_object_task0_episode01_attempt1/rollout.json,
formal,object,libero_object,0,pick_up_the_alphabet_soup_and_place_it_in_the_basket,pick up the alphabet soup and place it in the basket,2,81102,1,complete,True,117,50,50,relative,8,6,full LIBERO pose and gripper state; official normalizer width 8; policy feature schema width 6,"{""observation.images.camera1"": [1, 3, 256, 256], ""observation.images.camera2"": [1, 3, 256, 256], ""observation.language.attention_mask"": [1, 48], ""observation.language.tokens"": [1, 48], ""observation.state"": [1, 8]}",9.625034923076923,2.5854833999999993,301.130291,16.915053122000245,964068864,1002438656,/data/vla-forge/reports/vla_forge_2_transition_20261010/milestones/M01_real_libero/videos/formal_object_task0_episode02_attempt1.mp4,ecb4310db289595c756352ae4e0a8992ef94dfcc3b06da1081e4c4f61c390abb,/data/vla-forge/reports/vla_forge_2_transition_20261010/milestones/M01_real_libero/registry/runs/20261010T012129-4990a90f17c7/rollout-bdba6cb61281ff07/trajectory.npz,/data/vla-forge/reports/vla_forge_2_transition_20261010/milestones/M01_real_libero/registry/runs/20261010T012129-4990a90f17c7/episodes/formal_object_task0_episode02_attempt1/rollout.json,
formal,object,libero_object,0,pick_up_the_alphabet_soup_and_place_it_in_the_basket,pick up the alphabet soup and place it in the basket,3,81103,1,complete,False,280,50,50,relative,8,6,full LIBERO pose and gripper state; official normalizer width 8; policy feature schema width 6,"{""observation.images.camera1"": [1, 3, 256, 256], ""observation.images.camera2"": [1, 3, 256, 256], ""observation.language.attention_mask"": [1, 48], ""observation.language.tokens"": [1, 48], ""observation.state"": [1, 8]}",8.420203807142856,2.5978896000000007,302.860211,41.32166035299451,964068864,1002438656,/data/vla-forge/reports/vla_forge_2_transition_20261010/milestones/M01_real_libero/videos/formal_object_task0_episode03_attempt1.mp4,4defae939d83885d02a3ad4cbe257abdf3483870b1a8f2029e7dd415622ae403,/data/vla-forge/reports/vla_forge_2_transition_20261010/milestones/M01_real_libero/registry/runs/20261010T012129-4990a90f17c7/rollout-aefee65f72554983/trajectory.npz,/data/vla-forge/reports/vla_forge_2_transition_20261010/milestones/M01_real_libero/registry/runs/20261010T012129-4990a90f17c7/episodes/formal_object_task0_episode03_attempt1/rollout.json,
formal,object,libero_object,0,pick_up_the_alphabet_soup_and_place_it_in_the_basket,pick up the alphabet soup and place it in the basket,4,81104,1,complete,True,126,50,50,relative,8,6,full LIBERO pose and gripper state; official normalizer width 8; policy feature schema width 6,"{""observation.images.camera1"": [1, 3, 256, 256], ""observation.images.camera2"": [1, 3, 256, 256], ""observation.language.attention_mask"": [1, 48], ""observation.language.tokens"": [1, 48], ""observation.state"": [1, 8]}",9.270051523809524,2.76408025,308.78012733333327,18.65350098699855,964068864,1002438656,/data/vla-forge/reports/vla_forge_2_transition_20261010/milestones/M01_real_libero/videos/formal_object_task0_episode04_attempt1.mp4,058c149608003e81c877f24e2f1a74bbed148ee19ab920252df27463ca64a39c,/data/vla-forge/reports/vla_forge_2_transition_20261010/milestones/M01_real_libero/registry/runs/20261010T012129-4990a90f17c7/rollout-096e93ad562cd55e/trajectory.npz,/data/vla-forge/reports/vla_forge_2_transition_20261010/milestones/M01_real_libero/registry/runs/20261010T012129-4990a90f17c7/episodes/formal_object_task0_episode04_attempt1/rollout.json,
formal,object,libero_object,0,pick_up_the_alphabet_soup_and_place_it_in_the_basket,pick up the alphabet soup and place it in the basket,5,81105,1,complete,False,280,50,50,relative,8,6,full LIBERO pose and gripper state; official normalizer width 8; policy feature schema width 6,"{""observation.images.camera1"": [1, 3, 256, 256], ""observation.images.camera2"": [1, 3, 256, 256], ""observation.language.attention_mask"": [1, 48], ""observation.language.tokens"": [1, 48], ""observation.state"": [1, 8]}",8.321491989285713,2.8498987000000007,298.81523483333336,41.01157588099886,964068864,1002438656,/data/vla-forge/reports/vla_forge_2_transition_20261010/milestones/M01_real_libero/videos/formal_object_task0_episode05_attempt1.mp4,8e8910cc8b8c2305d2bd703795f4442f4c74ff27aeb3598a5f9a969cbc3072e7,/data/vla-forge/reports/vla_forge_2_transition_20261010/milestones/M01_real_libero/registry/runs/20261010T012129-4990a90f17c7/rollout-125dd979068244e8/trajectory.npz,/data/vla-forge/reports/vla_forge_2_transition_20261010/milestones/M01_real_libero/registry/runs/20261010T012129-4990a90f17c7/episodes/formal_object_task0_episode05_attempt1/rollout.json,
formal,object,libero_object,0,pick_up_the_alphabet_soup_and_place_it_in_the_basket,pick up the alphabet soup and place it in the basket,6,81106,1,complete,True,143,50,50,relative,8,6,full LIBERO pose and gripper state; official normalizer width 8; policy feature schema width 6,"{""observation.images.camera1"": [1, 3, 256, 256], ""observation.images.camera2"": [1, 3, 256, 256], ""observation.language.attention_mask"": [1, 48], ""observation.language.tokens"": [1, 48], ""observation.state"": [1, 8]}",8.782275216783216,2.882818800000001,326.6394706666667,21.17023332900135,964068864,1002438656,/data/vla-forge/reports/vla_forge_2_transition_20261010/milestones/M01_real_libero/videos/formal_object_task0_episode06_attempt1.mp4,8d6af22faeb87d938acb03f9ada230d75bc4f0652a95440a2929a7efb164af1f,/data/vla-forge/reports/vla_forge_2_transition_20261010/milestones/M01_real_libero/registry/runs/20261010T012129-4990a90f17c7/rollout-590b3907839ac5fc/trajectory.npz,/data/vla-forge/reports/vla_forge_2_transition_20261010/milestones/M01_real_libero/registry/runs/20261010T012129-4990a90f17c7/episodes/formal_object_task0_episode06_attempt1/rollout.json,
formal,object,libero_object,0,pick_up_the_alphabet_soup_and_place_it_in_the_basket,pick up the alphabet soup and place it in the basket,7,81107,1,complete,False,280,50,50,relative,8,6,full LIBERO pose and gripper state; official normalizer width 8; policy feature schema width 6,"{""observation.images.camera1"": [1, 3, 256, 256], ""observation.images.camera2"": [1, 3, 256, 256], ""observation.language.attention_mask"": [1, 48], ""observation.language.tokens"": [1, 48], ""observation.state"": [1, 8]}",8.543826835714286,2.616756050000001,308.84590583333335,41.34776123500342,964068864,1002438656,/data/vla-forge/reports/vla_forge_2_transition_20261010/milestones/M01_real_libero/videos/formal_object_task0_episode07_attempt1.mp4,bde1a1938b54a1e0e6097aaa5695b78b285be995b99bc2d4d944f1d9e179efc3,/data/vla-forge/reports/vla_forge_2_transition_20261010/milestones/M01_real_libero/registry/runs/20261010T012129-4990a90f17c7/rollout-33cfb8b6683936f8/trajectory.npz,/data/vla-forge/reports/vla_forge_2_transition_20261010/milestones/M01_real_libero/registry/runs/20261010T012129-4990a90f17c7/episodes/formal_object_task0_episode07_attempt1/rollout.json,
formal,object,libero_object,0,pick_up_the_alphabet_soup_and_place_it_in_the_basket,pick up the alphabet soup and place it in the basket,8,81108,1,complete,True,129,50,50,relative,8,6,full LIBERO pose and gripper state; official normalizer width 8; policy feature schema width 6,"{""observation.images.camera1"": [1, 3, 256, 256], ""observation.images.camera2"": [1, 3, 256, 256], ""observation.language.attention_mask"": [1, 48], ""observation.language.tokens"": [1, 48], ""observation.state"": [1, 8]}",8.84736334883721,2.989348799999999,297.2589316666667,18.705868516997725,964068864,1002438656,/data/vla-forge/reports/vla_forge_2_transition_20261010/milestones/M01_real_libero/videos/formal_object_task0_episode08_attempt1.mp4,b45b8dda062b721741376a19e60d81addf708da0c9696934786496246376fffe,/data/vla-forge/reports/vla_forge_2_transition_20261010/milestones/M01_real_libero/registry/runs/20261010T012129-4990a90f17c7/rollout-481ca3e860364bb9/trajectory.npz,/data/vla-forge/reports/vla_forge_2_transition_20261010/milestones/M01_real_libero/registry/runs/20261010T012129-4990a90f17c7/episodes/formal_object_task0_episode08_attempt1/rollout.json,
formal,object,libero_object,0,pick_up_the_alphabet_soup_and_place_it_in_the_basket,pick up the alphabet soup and place it in the basket,9,81109,1,complete,False,280,50,50,relative,8,6,full LIBERO pose and gripper state; official normalizer width 8; policy feature schema width 6,"{""observation.images.camera1"": [1, 3, 256, 256], ""observation.images.camera2"": [1, 3, 256, 256], ""observation.language.attention_mask"": [1, 48], ""observation.language.tokens"": [1, 48], ""observation.state"": [1, 8]}",8.274897514285714,2.6951088000000003,297.1611881666667,39.87255352400098,964068864,1002438656,/data/vla-forge/reports/vla_forge_2_transition_20261010/milestones/M01_real_libero/videos/formal_object_task0_episode09_attempt1.mp4,002bf5d330034b90b13e7863738eab62296c57b0e7bc5683afbce8ceda36b140,/data/vla-forge/reports/vla_forge_2_transition_20261010/milestones/M01_real_libero/registry/runs/20261010T012129-4990a90f17c7/rollout-62ab2b7d3dcae335/trajectory.npz,/data/vla-forge/reports/vla_forge_2_transition_20261010/milestones/M01_real_libero/registry/runs/20261010T012129-4990a90f17c7/episodes/formal_object_task0_episode09_attempt1/rollout.json,
formal,goal,libero_goal,0,open_the_middle_drawer_of_the_cabinet,open the middle drawer of the cabinet,0,81200,1,complete,True,135,50,50,relative,8,6,full LIBERO pose and gripper state; official normalizer width 8; policy feature schema width 6,"{""observation.images.camera1"": [1, 3, 256, 256], ""observation.images.camera2"": [1, 3, 256, 256], ""observation.language.attention_mask"": [1, 48], ""observation.language.tokens"": [1, 48], ""observation.state"": [1, 8]}",8.426418933333334,2.8010676999999995,293.1510776666667,26.053807961005077,964068864,1002438656,/data/vla-forge/reports/vla_forge_2_transition_20261010/milestones/M01_real_libero/videos/formal_goal_task0_episode00_attempt1.mp4,c0e6d4b2ee5d73fb167e42b5172390ec454c69452457917d6127d735ee4fd7e1,/data/vla-forge/reports/vla_forge_2_transition_20261010/milestones/M01_real_libero/registry/runs/20261010T012129-4990a90f17c7/rollout-eb5ebd355fe36fe2/trajectory.npz,/data/vla-forge/reports/vla_forge_2_transition_20261010/milestones/M01_real_libero/registry/runs/20261010T012129-4990a90f17c7/episodes/formal_goal_task0_episode00_attempt1/rollout.json,
formal,goal,libero_goal,0,open_the_middle_drawer_of_the_cabinet,open the middle drawer of the cabinet,1,81201,1,complete,True,123,50,50,relative,8,6,full LIBERO pose and gripper state; official normalizer width 8; policy feature schema width 6,"{""observation.images.camera1"": [1, 3, 256, 256], ""observation.images.camera2"": [1, 3, 256, 256], ""observation.language.attention_mask"": [1, 48], ""observation.language.tokens"": [1, 48], ""observation.state"": [1, 8]}",10.145935959349593,2.8045006999999993,337.29310033333337,24.166170420001436,964068864,1002438656,/data/vla-forge/reports/vla_forge_2_transition_20261010/milestones/M01_real_libero/videos/formal_goal_task0_episode01_attempt1.mp4,a693fbf9c1bb14b9fd1b5695d80dd855c750ec95e15089ffc37ced648a40cbe5,/data/vla-forge/reports/vla_forge_2_transition_20261010/milestones/M01_real_libero/registry/runs/20261010T012129-4990a90f17c7/rollout-bb8337d9a080b35a/trajectory.npz,/data/vla-forge/reports/vla_forge_2_transition_20261010/milestones/M01_real_libero/registry/runs/20261010T012129-4990a90f17c7/episodes/formal_goal_task0_episode01_attempt1/rollout.json,
formal,goal,libero_goal,0,open_the_middle_drawer_of_the_cabinet,open the middle drawer of the cabinet,2,81202,1,complete,True,117,50,50,relative,8,6,full LIBERO pose and gripper state; official normalizer width 8; policy feature schema width 6,"{""observation.images.camera1"": [1, 3, 256, 256], ""observation.images.camera2"": [1, 3, 256, 256], ""observation.language.attention_mask"": [1, 48], ""observation.language.tokens"": [1, 48], ""observation.state"": [1, 8]}",9.470635709401712,3.0396582,294.8892233333333,23.256896900005813,964068864,1002438656,/data/vla-forge/reports/vla_forge_2_transition_20261010/milestones/M01_real_libero/videos/formal_goal_task0_episode02_attempt1.mp4,33dfe8b155fb737a204679d8698fc7f1c23a02fdca196f001b294526d4a83d83,/data/vla-forge/reports/vla_forge_2_transition_20261010/milestones/M01_real_libero/registry/runs/20261010T012129-4990a90f17c7/rollout-ff335f858b07a1dc/trajectory.npz,/data/vla-forge/reports/vla_forge_2_transition_20261010/milestones/M01_real_libero/registry/runs/20261010T012129-4990a90f17c7/episodes/formal_goal_task0_episode02_attempt1/rollout.json,
formal,goal,libero_goal,0,open_the_middle_drawer_of_the_cabinet,open the middle drawer of the cabinet,3,81203,1,complete,True,126,50,50,relative,8,6,full LIBERO pose and gripper state; official normalizer width 8; policy feature schema width 6,"{""observation.images.camera1"": [1, 3, 256, 256], ""observation.images.camera2"": [1, 3, 256, 256], ""observation.language.attention_mask"": [1, 48], ""observation.language.tokens"": [1, 48], ""observation.state"": [1, 8]}",9.167727595238093,2.90593275,302.70746333333335,24.52542741599609,964068864,1002438656,/data/vla-forge/reports/vla_forge_2_transition_20261010/milestones/M01_real_libero/videos/formal_goal_task0_episode03_attempt1.mp4,2d18481c3e423a318cd17feb67dba5775af3fdc78b538ee5dc4d9183e7ba15fc,/data/vla-forge/reports/vla_forge_2_transition_20261010/milestones/M01_real_libero/registry/runs/20261010T012129-4990a90f17c7/rollout-b91ede655cb58568/trajectory.npz,/data/vla-forge/reports/vla_forge_2_transition_20261010/milestones/M01_real_libero/registry/runs/20261010T012129-4990a90f17c7/episodes/formal_goal_task0_episode03_attempt1/rollout.json,
formal,goal,libero_goal,0,open_the_middle_drawer_of_the_cabinet,open the middle drawer of the cabinet,4,81204,1,complete,True,128,50,50,relative,8,6,full LIBERO pose and gripper state; official normalizer width 8; policy feature schema width 6,"{""observation.images.camera1"": [1, 3, 256, 256], ""observation.images.camera2"": [1, 3, 256, 256], ""observation.language.attention_mask"": [1, 48], ""observation.language.tokens"": [1, 48], ""observation.state"": [1, 8]}",9.0371448046875,2.3855456499999996,304.19618233333335,24.67357745699701,964068864,1002438656,/data/vla-forge/reports/vla_forge_2_transition_20261010/milestones/M01_real_libero/videos/formal_goal_task0_episode04_attempt1.mp4,95c60b63c2a13b7dc8ccd86a96fd427d8cf56b183adc204a61ebfeb34087a1f4,/data/vla-forge/reports/vla_forge_2_transition_20261010/milestones/M01_real_libero/registry/runs/20261010T012129-4990a90f17c7/rollout-92a712b213f6e0c2/trajectory.npz,/data/vla-forge/reports/vla_forge_2_transition_20261010/milestones/M01_real_libero/registry/runs/20261010T012129-4990a90f17c7/episodes/formal_goal_task0_episode04_attempt1/rollout.json,
formal,goal,libero_goal,0,open_the_middle_drawer_of_the_cabinet,open the middle drawer of the cabinet,5,81205,1,complete,True,118,50,50,relative,8,6,full LIBERO pose and gripper state; official normalizer width 8; policy feature schema width 6,"{""observation.images.camera1"": [1, 3, 256, 256], ""observation.images.camera2"": [1, 3, 256, 256], ""observation.language.attention_mask"": [1, 48], ""observation.language.tokens"": [1, 48], ""observation.state"": [1, 8]}",10.213188525423728,2.6108400499999993,327.26129799999995,22.394768173995544,964068864,1002438656,/data/vla-forge/reports/vla_forge_2_transition_20261010/milestones/M01_real_libero/videos/formal_goal_task0_episode05_attempt1.mp4,73443fba98717ee900fd6b9fc724b48cfeb2c3b92a443e9ae1166e1f6a839b87,/data/vla-forge/reports/vla_forge_2_transition_20261010/milestones/M01_real_libero/registry/runs/20261010T012129-4990a90f17c7/rollout-cf9875702c9e83fb/trajectory.npz,/data/vla-forge/reports/vla_forge_2_transition_20261010/milestones/M01_real_libero/registry/runs/20261010T012129-4990a90f17c7/episodes/formal_goal_task0_episode05_attempt1/rollout.json,
formal,goal,libero_goal,0,open_the_middle_drawer_of_the_cabinet,open the middle drawer of the cabinet,6,81206,1,complete,True,125,50,50,relative,8,6,full LIBERO pose and gripper state; official normalizer width 8; policy feature schema width 6,"{""observation.images.camera1"": [1, 3, 256, 256], ""observation.images.camera2"": [1, 3, 256, 256], ""observation.language.attention_mask"": [1, 48], ""observation.language.tokens"": [1, 48], ""observation.state"": [1, 8]}",9.118715551999998,2.6162601999999993,300.1488693333333,24.360558047999803,964068864,1002438656,/data/vla-forge/reports/vla_forge_2_transition_20261010/milestones/M01_real_libero/videos/formal_goal_task0_episode06_attempt1.mp4,e6ebd929018d36dd0a8ceecd285206a7ee5d4fca49ed217b073f7ec78537c37b,/data/vla-forge/reports/vla_forge_2_transition_20261010/milestones/M01_real_libero/registry/runs/20261010T012129-4990a90f17c7/rollout-054ccba83dd0518f/trajectory.npz,/data/vla-forge/reports/vla_forge_2_transition_20261010/milestones/M01_real_libero/registry/runs/20261010T012129-4990a90f17c7/episodes/formal_goal_task0_episode06_attempt1/rollout.json,
formal,goal,libero_goal,0,open_the_middle_drawer_of_the_cabinet,open the middle drawer of the cabinet,7,81207,1,complete,True,127,50,50,relative,8,6,full LIBERO pose and gripper state; official normalizer width 8; policy feature schema width 6,"{""observation.images.camera1"": [1, 3, 256, 256], ""observation.images.camera2"": [1, 3, 256, 256], ""observation.language.attention_mask"": [1, 48], ""observation.language.tokens"": [1, 48], ""observation.state"": [1, 8]}",8.990496307086614,2.870382799999998,297.3637106666667,25.422002161998535,964068864,1002438656,/data/vla-forge/reports/vla_forge_2_transition_20261010/milestones/M01_real_libero/videos/formal_goal_task0_episode07_attempt1.mp4,e1021a34f117a754d53ef364bdcf0833168559c89cf08b6b2c9762346bc273b3,/data/vla-forge/reports/vla_forge_2_transition_20261010/milestones/M01_real_libero/registry/runs/20261010T012129-4990a90f17c7/rollout-8c57c34155d886d2/trajectory.npz,/data/vla-forge/reports/vla_forge_2_transition_20261010/milestones/M01_real_libero/registry/runs/20261010T012129-4990a90f17c7/episodes/formal_goal_task0_episode07_attempt1/rollout.json,
formal,goal,libero_goal,0,open_the_middle_drawer_of_the_cabinet,open the middle drawer of the cabinet,8,81208,1,complete,True,128,50,50,relative,8,6,full LIBERO pose and gripper state; official normalizer width 8; policy feature schema width 6,"{""observation.images.camera1"": [1, 3, 256, 256], ""observation.images.camera2"": [1, 3, 256, 256], ""observation.language.attention_mask"": [1, 48], ""observation.language.tokens"": [1, 48], ""observation.state"": [1, 8]}",9.1848746171875,3.024414349999999,307.15783999999996,26.073818414995912,964068864,1002438656,/data/vla-forge/reports/vla_forge_2_transition_20261010/milestones/M01_real_libero/videos/formal_goal_task0_episode08_attempt1.mp4,115b2d92a3a0310301578e8112f8dd777935d6895ae24dbfc2b7e48f52923cfc,/data/vla-forge/reports/vla_forge_2_transition_20261010/milestones/M01_real_libero/registry/runs/20261010T012129-4990a90f17c7/rollout-8bd121ce36441523/trajectory.npz,/data/vla-forge/reports/vla_forge_2_transition_20261010/milestones/M01_real_libero/registry/runs/20261010T012129-4990a90f17c7/episodes/formal_goal_task0_episode08_attempt1/rollout.json,
formal,goal,libero_goal,0,open_the_middle_drawer_of_the_cabinet,open the middle drawer of the cabinet,9,81209,1,complete,True,123,50,50,relative,8,6,full LIBERO pose and gripper state; official normalizer width 8; policy feature schema width 6,"{""observation.images.camera1"": [1, 3, 256, 256], ""observation.images.camera2"": [1, 3, 256, 256], ""observation.language.attention_mask"": [1, 48], ""observation.language.tokens"": [1, 48], ""observation.state"": [1, 8]}",9.358887471544715,2.8344306999999995,304.8201403333333,25.275803676995565,964068864,1002438656,/data/vla-forge/reports/vla_forge_2_transition_20261010/milestones/M01_real_libero/videos/formal_goal_task0_episode09_attempt1.mp4,7374058ecbc8cd4a351cd604d86865bde9e6b56ec8bbc54a5bc6ae9167b753e4,/data/vla-forge/reports/vla_forge_2_transition_20261010/milestones/M01_real_libero/registry/runs/20261010T012129-4990a90f17c7/rollout-e60d2b51184b3ad2/trajectory.npz,/data/vla-forge/reports/vla_forge_2_transition_20261010/milestones/M01_real_libero/registry/runs/20261010T012129-4990a90f17c7/episodes/formal_goal_task0_episode09_attempt1/rollout.json,
formal,long,libero_10,0,LIVING_ROOM_SCENE2_put_both_the_alphabet_soup_and_the_tomato_sauce_in_the_basket,put both the alphabet soup and the tomato sauce in the basket,0,81300,1,complete,False,520,50,50,relative,8,6,full LIBERO pose and gripper state; official normalizer width 8; policy feature schema width 6,"{""observation.images.camera1"": [1, 3, 256, 256], ""observation.images.camera2"": [1, 3, 256, 256], ""observation.language.attention_mask"": [1, 48], ""observation.language.tokens"": [1, 48], ""observation.state"": [1, 8]}",8.039387815384616,2.5253339999999986,291.28351954545457,81.28853838899522,964068864,1002438656,/data/vla-forge/reports/vla_forge_2_transition_20261010/milestones/M01_real_libero/videos/formal_long_task0_episode00_attempt1.mp4,f37050398635e6b35ba41c7e7c64036c01e1b425c574f5b5d2b079102178feb5,/data/vla-forge/reports/vla_forge_2_transition_20261010/milestones/M01_real_libero/registry/runs/20261010T012129-4990a90f17c7/rollout-6419c99f4e375b46/trajectory.npz,/data/vla-forge/reports/vla_forge_2_transition_20261010/milestones/M01_real_libero/registry/runs/20261010T012129-4990a90f17c7/episodes/formal_long_task0_episode00_attempt1/rollout.json,
formal,long,libero_10,0,LIVING_ROOM_SCENE2_put_both_the_alphabet_soup_and_the_tomato_sauce_in_the_basket,put both the alphabet soup and the tomato sauce in the basket,1,81301,1,complete,True,259,50,50,relative,8,6,full LIBERO pose and gripper state; official normalizer width 8; policy feature schema width 6,"{""observation.images.camera1"": [1, 3, 256, 256], ""observation.images.camera2"": [1, 3, 256, 256], ""observation.language.attention_mask"": [1, 48], ""observation.language.tokens"": [1, 48], ""observation.state"": [1, 8]}",8.679637034749033,2.4132792,293.82427316666667,41.65684599099768,964068864,1002438656,/data/vla-forge/reports/vla_forge_2_transition_20261010/milestones/M01_real_libero/videos/formal_long_task0_episode01_attempt1.mp4,f44892777658149d7e92c42c8e7131b1cbc1fd308eb7495e5b197ad1669b00c5,/data/vla-forge/reports/vla_forge_2_transition_20261010/milestones/M01_real_libero/registry/runs/20261010T012129-4990a90f17c7/rollout-c347d383408d995b/trajectory.npz,/data/vla-forge/reports/vla_forge_2_transition_20261010/milestones/M01_real_libero/registry/runs/20261010T012129-4990a90f17c7/episodes/formal_long_task0_episode01_attempt1/rollout.json,
formal,long,libero_10,0,LIVING_ROOM_SCENE2_put_both_the_alphabet_soup_and_the_tomato_sauce_in_the_basket,put both the alphabet soup and the tomato sauce in the basket,2,81302,1,complete,False,520,50,50,relative,8,6,full LIBERO pose and gripper state; official normalizer width 8; policy feature schema width 6,"{""observation.images.camera1"": [1, 3, 256, 256], ""observation.images.camera2"": [1, 3, 256, 256], ""observation.language.attention_mask"": [1, 48], ""observation.language.tokens"": [1, 48], ""observation.state"": [1, 8]}",8.315378149999999,2.8162134499999993,302.86682254545457,87.43142888999864,964068864,1002438656,/data/vla-forge/reports/vla_forge_2_transition_20261010/milestones/M01_real_libero/videos/formal_long_task0_episode02_attempt1.mp4,356c64d7ce4afde2e11df68505cf466c1cfd39553a2b397839f6db1925cb5d39,/data/vla-forge/reports/vla_forge_2_transition_20261010/milestones/M01_real_libero/registry/runs/20261010T012129-4990a90f17c7/rollout-ba518afe894d136d/trajectory.npz,/data/vla-forge/reports/vla_forge_2_transition_20261010/milestones/M01_real_libero/registry/runs/20261010T012129-4990a90f17c7/episodes/formal_long_task0_episode02_attempt1/rollout.json,
formal,long,libero_10,0,LIVING_ROOM_SCENE2_put_both_the_alphabet_soup_and_the_tomato_sauce_in_the_basket,put both the alphabet soup and the tomato sauce in the basket,3,81303,1,complete,True,261,50,50,relative,8,6,full LIBERO pose and gripper state; official normalizer width 8; policy feature schema width 6,"{""observation.images.camera1"": [1, 3, 256, 256], ""observation.images.camera2"": [1, 3, 256, 256], ""observation.language.attention_mask"": [1, 48], ""observation.language.tokens"": [1, 48], ""observation.state"": [1, 8]}",8.621607283524904,2.694419,292.77617649999996,43.0361305309998,964068864,1002438656,/data/vla-forge/reports/vla_forge_2_transition_20261010/milestones/M01_real_libero/videos/formal_long_task0_episode03_attempt1.mp4,78aa365f22db9f8e4c37de1c082d723d336d370e87b2f635c7e659472a52d69d,/data/vla-forge/reports/vla_forge_2_transition_20261010/milestones/M01_real_libero/registry/runs/20261010T012129-4990a90f17c7/rollout-ab7e469dccf64ab6/trajectory.npz,/data/vla-forge/reports/vla_forge_2_transition_20261010/milestones/M01_real_libero/registry/runs/20261010T012129-4990a90f17c7/episodes/formal_long_task0_episode03_attempt1/rollout.json,
formal,long,libero_10,0,LIVING_ROOM_SCENE2_put_both_the_alphabet_soup_and_the_tomato_sauce_in_the_basket,put both the alphabet soup and the tomato sauce in the basket,4,81304,1,complete,False,520,50,50,relative,8,6,full LIBERO pose and gripper state; official normalizer width 8; policy feature schema width 6,"{""observation.images.camera1"": [1, 3, 256, 256], ""observation.images.camera2"": [1, 3, 256, 256], ""observation.language.attention_mask"": [1, 48], ""observation.language.tokens"": [1, 48], ""observation.state"": [1, 8]}",8.350511026923078,2.8148098499999987,304.92326963636367,88.12774557700322,964068864,1002438656,/data/vla-forge/reports/vla_forge_2_transition_20261010/milestones/M01_real_libero/videos/formal_long_task0_episode04_attempt1.mp4,99c6116931c48400894c8978ed10c1ad7830eb15500400d6f572dbb50a717464,/data/vla-forge/reports/vla_forge_2_transition_20261010/milestones/M01_real_libero/registry/runs/20261010T012129-4990a90f17c7/rollout-7ec80b64ef9c0e1b/trajectory.npz,/data/vla-forge/reports/vla_forge_2_transition_20261010/milestones/M01_real_libero/registry/runs/20261010T012129-4990a90f17c7/episodes/formal_long_task0_episode04_attempt1/rollout.json,
formal,long,libero_10,0,LIVING_ROOM_SCENE2_put_both_the_alphabet_soup_and_the_tomato_sauce_in_the_basket,put both the alphabet soup and the tomato sauce in the basket,5,81305,1,complete,True,264,50,50,relative,8,6,full LIBERO pose and gripper state; official normalizer width 8; policy feature schema width 6,"{""observation.images.camera1"": [1, 3, 256, 256], ""observation.images.camera2"": [1, 3, 256, 256], ""observation.language.attention_mask"": [1, 48], ""observation.language.tokens"": [1, 48], ""observation.state"": [1, 8]}",8.574478632575758,2.5754080499999996,294.020011,43.14571824199811,964068864,1002438656,/data/vla-forge/reports/vla_forge_2_transition_20261010/milestones/M01_real_libero/videos/formal_long_task0_episode05_attempt1.mp4,1bf3977362212dd70e1b77a0f3fc0650be1a994af37b95483690fdb46f7aa4e8,/data/vla-forge/reports/vla_forge_2_transition_20261010/milestones/M01_real_libero/registry/runs/20261010T012129-4990a90f17c7/rollout-afe29bcb41bcaf80/trajectory.npz,/data/vla-forge/reports/vla_forge_2_transition_20261010/milestones/M01_real_libero/registry/runs/20261010T012129-4990a90f17c7/episodes/formal_long_task0_episode05_attempt1/rollout.json,
formal,long,libero_10,0,LIVING_ROOM_SCENE2_put_both_the_alphabet_soup_and_the_tomato_sauce_in_the_basket,put both the alphabet soup and the tomato sauce in the basket,6,81306,1,complete,False,520,50,50,relative,8,6,full LIBERO pose and gripper state; official normalizer width 8; policy feature schema width 6,"{""observation.images.camera1"": [1, 3, 256, 256], ""observation.images.camera2"": [1, 3, 256, 256], ""observation.language.attention_mask"": [1, 48], ""observation.language.tokens"": [1, 48], ""observation.state"": [1, 8]}",8.220476448076923,2.623419449999998,300.20668645454543,84.29515478800022,964068864,1002438656,/data/vla-forge/reports/vla_forge_2_transition_20261010/milestones/M01_real_libero/videos/formal_long_task0_episode06_attempt1.mp4,42b7f1d194c9372a0b19742ea31311b7384143be06a9d41cbdbe4af65a8f893f,/data/vla-forge/reports/vla_forge_2_transition_20261010/milestones/M01_real_libero/registry/runs/20261010T012129-4990a90f17c7/rollout-e90a041041da3aa2/trajectory.npz,/data/vla-forge/reports/vla_forge_2_transition_20261010/milestones/M01_real_libero/registry/runs/20261010T012129-4990a90f17c7/episodes/formal_long_task0_episode06_attempt1/rollout.json,
formal,long,libero_10,0,LIVING_ROOM_SCENE2_put_both_the_alphabet_soup_and_the_tomato_sauce_in_the_basket,put both the alphabet soup and the tomato sauce in the basket,7,81307,1,complete,False,520,50,50,relative,8,6,full LIBERO pose and gripper state; official normalizer width 8; policy feature schema width 6,"{""observation.images.camera1"": [1, 3, 256, 256], ""observation.images.camera2"": [1, 3, 256, 256], ""observation.language.attention_mask"": [1, 48], ""observation.language.tokens"": [1, 48], ""observation.state"": [1, 8]}",8.059037257692307,2.6215259999999994,292.3071936363636,84.61836585000128,964068864,1002438656,/data/vla-forge/reports/vla_forge_2_transition_20261010/milestones/M01_real_libero/videos/formal_long_task0_episode07_attempt1.mp4,3ccc0fe04a7dcb75b5c8b9abe36859883b71950ddd56cd595a253198390072cd,/data/vla-forge/reports/vla_forge_2_transition_20261010/milestones/M01_real_libero/registry/runs/20261010T012129-4990a90f17c7/rollout-946cf3bbfb1303ca/trajectory.npz,/data/vla-forge/reports/vla_forge_2_transition_20261010/milestones/M01_real_libero/registry/runs/20261010T012129-4990a90f17c7/episodes/formal_long_task0_episode07_attempt1/rollout.json,
formal,long,libero_10,0,LIVING_ROOM_SCENE2_put_both_the_alphabet_soup_and_the_tomato_sauce_in_the_basket,put both the alphabet soup and the tomato sauce in the basket,8,81308,1,complete,False,520,50,50,relative,8,6,full LIBERO pose and gripper state; official normalizer width 8; policy feature schema width 6,"{""observation.images.camera1"": [1, 3, 256, 256], ""observation.images.camera2"": [1, 3, 256, 256], ""observation.language.attention_mask"": [1, 48], ""observation.language.tokens"": [1, 48], ""observation.state"": [1, 8]}",8.049594944230769,2.2821802499999997,292.49814881818185,81.64934416100004,964068864,1002438656,/data/vla-forge/reports/vla_forge_2_transition_20261010/milestones/M01_real_libero/videos/formal_long_task0_episode08_attempt1.mp4,86c3ef89b631b9cf359e89fbfeed75e04dc200de6533d50da3b6bfa38fab41ab,/data/vla-forge/reports/vla_forge_2_transition_20261010/milestones/M01_real_libero/registry/runs/20261010T012129-4990a90f17c7/rollout-9f61057b565c53d9/trajectory.npz,/data/vla-forge/reports/vla_forge_2_transition_20261010/milestones/M01_real_libero/registry/runs/20261010T012129-4990a90f17c7/episodes/formal_long_task0_episode08_attempt1/rollout.json,
formal,long,libero_10,0,LIVING_ROOM_SCENE2_put_both_the_alphabet_soup_and_the_tomato_sauce_in_the_basket,put both the alphabet soup and the tomato sauce in the basket,9,81309,1,complete,False,520,50,50,relative,8,6,full LIBERO pose and gripper state; official normalizer width 8; policy feature schema width 6,"{""observation.images.camera1"": [1, 3, 256, 256], ""observation.images.camera2"": [1, 3, 256, 256], ""observation.language.attention_mask"": [1, 48], ""observation.language.tokens"": [1, 48], ""observation.state"": [1, 8]}",8.093868480769231,2.3343611499999932,294.1082201818181,82.67633341100009,964068864,1002438656,/data/vla-forge/reports/vla_forge_2_transition_20261010/milestones/M01_real_libero/videos/formal_long_task0_episode09_attempt1.mp4,ddd42d314b22f589286115691af87b61149cd4ca0b0f7691648e468b126e757d,/data/vla-forge/reports/vla_forge_2_transition_20261010/milestones/M01_real_libero/registry/runs/20261010T012129-4990a90f17c7/rollout-1df95d15006135c0/trajectory.npz,/data/vla-forge/reports/vla_forge_2_transition_20261010/milestones/M01_real_libero/registry/runs/20261010T012129-4990a90f17c7/episodes/formal_long_task0_episode09_attempt1/rollout.json,
