suite,task_id,task_name,episode_id,video_path,trajectory_path,action_trace_path,review_status
spatial,0,pick_up_the_black_bowl_between_the_plate_and_the_ramekin_and_place_it_on_the_plate,2,/data/vla-forge-artifacts/M02_libero40/registry/runs/20261010T030315-982cacc8515f/videos/spatial_task00_episode02_attempt1.mp4,/data/vla-forge-artifacts/M02_libero40/registry/runs/20261010T030315-982cacc8515f/rollout-f2385eceaa73a968/trajectory.npz,/data/vla-forge-artifacts/M02_libero40/registry/runs/20261010T030315-982cacc8515f/episodes/spatial_task00_episode02_attempt1/action_trace.json,reviewed
spatial,3,pick_up_the_black_bowl_on_the_cookie_box_and_place_it_on_the_plate,7,/data/vla-forge-artifacts/M02_libero40/registry/runs/20261010T030315-982cacc8515f/videos/spatial_task03_episode07_attempt1.mp4,/data/vla-forge-artifacts/M02_libero40/registry/runs/20261010T030315-982cacc8515f/rollout-d8c450e1f8c0416d/trajectory.npz,/data/vla-forge-artifacts/M02_libero40/registry/runs/20261010T030315-982cacc8515f/episodes/spatial_task03_episode07_attempt1/action_trace.json,reviewed
spatial,5,pick_up_the_black_bowl_on_the_ramekin_and_place_it_on_the_plate,1,/data/vla-forge-artifacts/M02_libero40/registry/runs/20261010T030315-982cacc8515f/videos/spatial_task05_episode01_attempt1.mp4,/data/vla-forge-artifacts/M02_libero40/registry/runs/20261010T030315-982cacc8515f/rollout-bf86188cf33b10ea/trajectory.npz,/data/vla-forge-artifacts/M02_libero40/registry/runs/20261010T030315-982cacc8515f/episodes/spatial_task05_episode01_attempt1/action_trace.json,reviewed
spatial,6,pick_up_the_black_bowl_next_to_the_cookie_box_and_place_it_on_the_plate,9,/data/vla-forge-artifacts/M02_libero40/registry/runs/20261010T030315-982cacc8515f/videos/spatial_task06_episode09_attempt1.mp4,/data/vla-forge-artifacts/M02_libero40/registry/runs/20261010T030315-982cacc8515f/rollout-4cc30038d36c3ddd/trajectory.npz,/data/vla-forge-artifacts/M02_libero40/registry/runs/20261010T030315-982cacc8515f/episodes/spatial_task06_episode09_attempt1/action_trace.json,reviewed
spatial,9,pick_up_the_black_bowl_on_the_wooden_cabinet_and_place_it_on_the_plate,7,/data/vla-forge-artifacts/M02_libero40/registry/runs/20261010T030315-982cacc8515f/videos/spatial_task09_episode07_attempt1.mp4,/data/vla-forge-artifacts/M02_libero40/registry/runs/20261010T030315-982cacc8515f/rollout-070e730db031fed7/trajectory.npz,/data/vla-forge-artifacts/M02_libero40/registry/runs/20261010T030315-982cacc8515f/episodes/spatial_task09_episode07_attempt1/action_trace.json,reviewed
object,0,pick_up_the_alphabet_soup_and_place_it_in_the_basket,3,/data/vla-forge-artifacts/M02_libero40/registry/runs/20261010T030315-982cacc8515f/videos/object_task00_episode03_attempt1.mp4,/data/vla-forge-artifacts/M02_libero40/registry/runs/20261010T030315-982cacc8515f/rollout-a3f4f7033e619fc7/trajectory.npz,/data/vla-forge-artifacts/M02_libero40/registry/runs/20261010T030315-982cacc8515f/episodes/object_task00_episode03_attempt1/action_trace.json,reviewed
object,2,pick_up_the_salad_dressing_and_place_it_in_the_basket,4,/data/vla-forge-artifacts/M02_libero40/registry/runs/20261010T030315-982cacc8515f/videos/object_task02_episode04_attempt1.mp4,/data/vla-forge-artifacts/M02_libero40/registry/runs/20261010T030315-982cacc8515f/rollout-cee7efbd720142ad/trajectory.npz,/data/vla-forge-artifacts/M02_libero40/registry/runs/20261010T030315-982cacc8515f/episodes/object_task02_episode04_attempt1/action_trace.json,reviewed
object,5,pick_up_the_tomato_sauce_and_place_it_in_the_basket,6,/data/vla-forge-artifacts/M02_libero40/registry/runs/20261010T030315-982cacc8515f/videos/object_task05_episode06_attempt1.mp4,/data/vla-forge-artifacts/M02_libero40/registry/runs/20261010T030315-982cacc8515f/rollout-1a7b8cf9ac66c929/trajectory.npz,/data/vla-forge-artifacts/M02_libero40/registry/runs/20261010T030315-982cacc8515f/episodes/object_task05_episode06_attempt1/action_trace.json,reviewed
object,7,pick_up_the_milk_and_place_it_in_the_basket,7,/data/vla-forge-artifacts/M02_libero40/registry/runs/20261010T030315-982cacc8515f/videos/object_task07_episode07_attempt1.mp4,/data/vla-forge-artifacts/M02_libero40/registry/runs/20261010T030315-982cacc8515f/rollout-3c7559201ae62db2/trajectory.npz,/data/vla-forge-artifacts/M02_libero40/registry/runs/20261010T030315-982cacc8515f/episodes/object_task07_episode07_attempt1/action_trace.json,reviewed
object,9,pick_up_the_orange_juice_and_place_it_in_the_basket,9,/data/vla-forge-artifacts/M02_libero40/registry/runs/20261010T030315-982cacc8515f/videos/object_task09_episode09_attempt1.mp4,/data/vla-forge-artifacts/M02_libero40/registry/runs/20261010T030315-982cacc8515f/rollout-576dd8dda300031e/trajectory.npz,/data/vla-forge-artifacts/M02_libero40/registry/runs/20261010T030315-982cacc8515f/episodes/object_task09_episode09_attempt1/action_trace.json,reviewed
goal,2,put_the_wine_bottle_on_top_of_the_cabinet,3,/data/vla-forge-artifacts/M02_libero40/registry/runs/20261010T030315-982cacc8515f/videos/goal_task02_episode03_attempt1.mp4,/data/vla-forge-artifacts/M02_libero40/registry/runs/20261010T030315-982cacc8515f/rollout-583ae1dbce218ce2/trajectory.npz,/data/vla-forge-artifacts/M02_libero40/registry/runs/20261010T030315-982cacc8515f/episodes/goal_task02_episode03_attempt1/action_trace.json,reviewed
goal,4,put_the_bowl_on_top_of_the_cabinet,4,/data/vla-forge-artifacts/M02_libero40/registry/runs/20261010T030315-982cacc8515f/videos/goal_task04_episode04_attempt1.mp4,/data/vla-forge-artifacts/M02_libero40/registry/runs/20261010T030315-982cacc8515f/rollout-5d38ad9e7990d66e/trajectory.npz,/data/vla-forge-artifacts/M02_libero40/registry/runs/20261010T030315-982cacc8515f/episodes/goal_task04_episode04_attempt1/action_trace.json,reviewed
goal,6,put_the_cream_cheese_in_the_bowl,2,/data/vla-forge-artifacts/M02_libero40/registry/runs/20261010T030315-982cacc8515f/videos/goal_task06_episode02_attempt1.mp4,/data/vla-forge-artifacts/M02_libero40/registry/runs/20261010T030315-982cacc8515f/rollout-9dda6e4132b1346d/trajectory.npz,/data/vla-forge-artifacts/M02_libero40/registry/runs/20261010T030315-982cacc8515f/episodes/goal_task06_episode02_attempt1/action_trace.json,reviewed
goal,6,put_the_cream_cheese_in_the_bowl,7,/data/vla-forge-artifacts/M02_libero40/registry/runs/20261010T030315-982cacc8515f/videos/goal_task06_episode07_attempt1.mp4,/data/vla-forge-artifacts/M02_libero40/registry/runs/20261010T030315-982cacc8515f/rollout-c03c758794722074/trajectory.npz,/data/vla-forge-artifacts/M02_libero40/registry/runs/20261010T030315-982cacc8515f/episodes/goal_task06_episode07_attempt1/action_trace.json,reviewed
goal,8,put_the_bowl_on_the_plate,7,/data/vla-forge-artifacts/M02_libero40/registry/runs/20261010T030315-982cacc8515f/videos/goal_task08_episode07_attempt1.mp4,/data/vla-forge-artifacts/M02_libero40/registry/runs/20261010T030315-982cacc8515f/rollout-51712f95a8c61809/trajectory.npz,/data/vla-forge-artifacts/M02_libero40/registry/runs/20261010T030315-982cacc8515f/episodes/goal_task08_episode07_attempt1/action_trace.json,reviewed
long,0,LIVING_ROOM_SCENE2_put_both_the_alphabet_soup_and_the_tomato_sauce_in_the_basket,0,/data/vla-forge-artifacts/M02_libero40/registry/runs/20261010T030315-982cacc8515f/videos/long_task00_episode00_attempt1.mp4,/data/vla-forge-artifacts/M02_libero40/registry/runs/20261010T030315-982cacc8515f/rollout-aa05643f87603e72/trajectory.npz,/data/vla-forge-artifacts/M02_libero40/registry/runs/20261010T030315-982cacc8515f/episodes/long_task00_episode00_attempt1/action_trace.json,reviewed
long,1,LIVING_ROOM_SCENE2_put_both_the_cream_cheese_box_and_the_butter_in_the_basket,8,/data/vla-forge-artifacts/M02_libero40/registry/runs/20261010T030315-982cacc8515f/videos/long_task01_episode08_attempt1.mp4,/data/vla-forge-artifacts/M02_libero40/registry/runs/20261010T030315-982cacc8515f/rollout-2b5afbe56ea9fbc1/trajectory.npz,/data/vla-forge-artifacts/M02_libero40/registry/runs/20261010T030315-982cacc8515f/episodes/long_task01_episode08_attempt1/action_trace.json,reviewed
long,4,LIVING_ROOM_SCENE5_put_the_white_mug_on_the_left_plate_and_put_the_yellow_and_white_mug_on_the_right_plate,6,/data/vla-forge-artifacts/M02_libero40/registry/runs/20261010T030315-982cacc8515f/videos/long_task04_episode06_attempt1.mp4,/data/vla-forge-artifacts/M02_libero40/registry/runs/20261010T030315-982cacc8515f/rollout-e68a70f53c864784/trajectory.npz,/data/vla-forge-artifacts/M02_libero40/registry/runs/20261010T030315-982cacc8515f/episodes/long_task04_episode06_attempt1/action_trace.json,reviewed
long,7,LIVING_ROOM_SCENE1_put_both_the_alphabet_soup_and_the_cream_cheese_box_in_the_basket,6,/data/vla-forge-artifacts/M02_libero40/registry/runs/20261010T030315-982cacc8515f/videos/long_task07_episode06_attempt1.mp4,/data/vla-forge-artifacts/M02_libero40/registry/runs/20261010T030315-982cacc8515f/rollout-eb1af7d4314dd827/trajectory.npz,/data/vla-forge-artifacts/M02_libero40/registry/runs/20261010T030315-982cacc8515f/episodes/long_task07_episode06_attempt1/action_trace.json,reviewed
long,9,KITCHEN_SCENE6_put_the_yellow_and_white_mug_in_the_microwave_and_close_it,9,/data/vla-forge-artifacts/M02_libero40/registry/runs/20261010T030315-982cacc8515f/videos/long_task09_episode09_attempt1.mp4,/data/vla-forge-artifacts/M02_libero40/registry/runs/20261010T030315-982cacc8515f/rollout-bb1bc1d5027a7343/trajectory.npz,/data/vla-forge-artifacts/M02_libero40/registry/runs/20261010T030315-982cacc8515f/episodes/long_task09_episode09_attempt1/action_trace.json,reviewed
