suite,benchmark_suite,task_id,task_name,instruction,successes,episodes,failures,success_rate,wilson_95,complete
goal,libero_goal,0,open_the_middle_drawer_of_the_cabinet,open the middle drawer of the cabinet,10,10,0,1.0,"[0.7224672001371107,0.9999999999999999]",True
goal,libero_goal,1,put_the_bowl_on_the_stove,put the bowl on the stove,10,10,0,1.0,"[0.7224672001371107,0.9999999999999999]",True
goal,libero_goal,2,put_the_wine_bottle_on_top_of_the_cabinet,put the wine bottle on top of the cabinet,9,10,1,0.9,"[0.5958499732047615,0.9821237869049271]",True
goal,libero_goal,3,open_the_top_drawer_and_put_the_bowl_inside,open the top drawer and put the bowl inside,7,10,3,0.7,"[0.39677814746114537,0.8922087325936989]",True
goal,libero_goal,4,put_the_bowl_on_top_of_the_cabinet,put the bowl on top of the cabinet,9,10,1,0.9,"[0.5958499732047615,0.9821237869049271]",True
goal,libero_goal,5,push_the_plate_to_the_front_of_the_stove,push the plate to the front of the stove,9,10,1,0.9,"[0.5958499732047615,0.9821237869049271]",True
goal,libero_goal,6,put_the_cream_cheese_in_the_bowl,put the cream cheese in the bowl,4,10,6,0.4,"[0.16818032970623614,0.6873262302663417]",True
goal,libero_goal,7,turn_on_the_stove,turn on the stove,8,10,2,0.8,"[0.49016247153664183,0.9433178485456247]",True
goal,libero_goal,8,put_the_bowl_on_the_plate,put the bowl on the plate,8,10,2,0.8,"[0.49016247153664183,0.9433178485456247]",True
goal,libero_goal,9,put_the_wine_bottle_on_the_rack,put the wine bottle on the rack,10,10,0,1.0,"[0.7224672001371107,0.9999999999999999]",True
long,libero_10,0,LIVING_ROOM_SCENE2_put_both_the_alphabet_soup_and_the_tomato_sauce_in_the_basket,put both the alphabet soup and the tomato sauce in the basket,2,10,8,0.2,"[0.05668215145437519,0.5098375284633583]",True
long,libero_10,1,LIVING_ROOM_SCENE2_put_both_the_cream_cheese_box_and_the_butter_in_the_basket,put both the cream cheese box and the butter in the basket,5,10,5,0.5,"[0.236593090512564,0.7634069094874361]",True
long,libero_10,2,KITCHEN_SCENE3_turn_on_the_stove_and_put_the_moka_pot_on_it,turn on the stove and put the moka pot on it,5,10,5,0.5,"[0.236593090512564,0.7634069094874361]",True
long,libero_10,3,KITCHEN_SCENE4_put_the_black_bowl_in_the_bottom_drawer_of_the_cabinet_and_close_it,put the black bowl in the bottom drawer of the cabinet and close it,9,10,1,0.9,"[0.5958499732047615,0.9821237869049271]",True
long,libero_10,4,LIVING_ROOM_SCENE5_put_the_white_mug_on_the_left_plate_and_put_the_yellow_and_white_mug_on_the_right_plate,put the white mug on the left plate and put the yellow and white mug on the right plate,3,10,7,0.3,"[0.10779126740630099,0.6032218525388546]",True
long,libero_10,5,STUDY_SCENE1_pick_up_the_book_and_place_it_in_the_back_compartment_of_the_caddy,pick up the book and place it in the back compartment of the caddy,9,10,1,0.9,"[0.5958499732047615,0.9821237869049271]",True
long,libero_10,6,LIVING_ROOM_SCENE6_put_the_white_mug_on_the_plate_and_put_the_chocolate_pudding_to_the_right_of_the_plate,put the white mug on the plate and put the chocolate pudding to the right of the plate,4,10,6,0.4,"[0.16818032970623614,0.6873262302663417]",True
long,libero_10,7,LIVING_ROOM_SCENE1_put_both_the_alphabet_soup_and_the_cream_cheese_box_in_the_basket,put both the alphabet soup and the cream cheese box in the basket,3,10,7,0.3,"[0.10779126740630099,0.6032218525388546]",True
long,libero_10,8,KITCHEN_SCENE8_put_both_moka_pots_on_the_stove,put both moka pots on the stove,3,10,7,0.3,"[0.10779126740630099,0.6032218525388546]",True
long,libero_10,9,KITCHEN_SCENE6_put_the_yellow_and_white_mug_in_the_microwave_and_close_it,put the yellow and white mug in the microwave and close it,7,10,3,0.7,"[0.39677814746114537,0.8922087325936989]",True
object,libero_object,0,pick_up_the_alphabet_soup_and_place_it_in_the_basket,pick up the alphabet soup and place it in the basket,7,10,3,0.7,"[0.39677814746114537,0.8922087325936989]",True
object,libero_object,1,pick_up_the_cream_cheese_and_place_it_in_the_basket,pick up the cream cheese and place it in the basket,9,10,1,0.9,"[0.5958499732047615,0.9821237869049271]",True
object,libero_object,2,pick_up_the_salad_dressing_and_place_it_in_the_basket,pick up the salad dressing and place it in the basket,7,10,3,0.7,"[0.39677814746114537,0.8922087325936989]",True
object,libero_object,3,pick_up_the_bbq_sauce_and_place_it_in_the_basket,pick up the bbq sauce and place it in the basket,7,10,3,0.7,"[0.39677814746114537,0.8922087325936989]",True
object,libero_object,4,pick_up_the_ketchup_and_place_it_in_the_basket,pick up the ketchup and place it in the basket,9,10,1,0.9,"[0.5958499732047615,0.9821237869049271]",True
object,libero_object,5,pick_up_the_tomato_sauce_and_place_it_in_the_basket,pick up the tomato sauce and place it in the basket,7,10,3,0.7,"[0.39677814746114537,0.8922087325936989]",True
object,libero_object,6,pick_up_the_butter_and_place_it_in_the_basket,pick up the butter and place it in the basket,9,10,1,0.9,"[0.5958499732047615,0.9821237869049271]",True
object,libero_object,7,pick_up_the_milk_and_place_it_in_the_basket,pick up the milk and place it in the basket,6,10,4,0.6,"[0.31267376973365824,0.8318196702937638]",True
object,libero_object,8,pick_up_the_chocolate_pudding_and_place_it_in_the_basket,pick up the chocolate pudding and place it in the basket,9,10,1,0.9,"[0.5958499732047615,0.9821237869049271]",True
object,libero_object,9,pick_up_the_orange_juice_and_place_it_in_the_basket,pick up the orange juice and place it in the basket,5,10,5,0.5,"[0.236593090512564,0.7634069094874361]",True
spatial,libero_spatial,0,pick_up_the_black_bowl_between_the_plate_and_the_ramekin_and_place_it_on_the_plate,pick up the black bowl between the plate and the ramekin and place it on the plate,7,10,3,0.7,"[0.39677814746114537,0.8922087325936989]",True
spatial,libero_spatial,1,pick_up_the_black_bowl_next_to_the_ramekin_and_place_it_on_the_plate,pick up the black bowl next to the ramekin and place it on the plate,7,10,3,0.7,"[0.39677814746114537,0.8922087325936989]",True
spatial,libero_spatial,2,pick_up_the_black_bowl_from_table_center_and_place_it_on_the_plate,pick up the black bowl from table center and place it on the plate,8,10,2,0.8,"[0.49016247153664183,0.9433178485456247]",True
spatial,libero_spatial,3,pick_up_the_black_bowl_on_the_cookie_box_and_place_it_on_the_plate,pick up the black bowl on the cookie box and place it on the plate,8,10,2,0.8,"[0.49016247153664183,0.9433178485456247]",True
spatial,libero_spatial,4,pick_up_the_black_bowl_in_the_top_drawer_of_the_wooden_cabinet_and_place_it_on_the_plate,pick up the black bowl in the top drawer of the wooden cabinet and place it on the plate,3,10,7,0.3,"[0.10779126740630099,0.6032218525388546]",True
spatial,libero_spatial,5,pick_up_the_black_bowl_on_the_ramekin_and_place_it_on_the_plate,pick up the black bowl on the ramekin and place it on the plate,0,10,10,0.0,"[0.0,0.2775327998628892]",True
spatial,libero_spatial,6,pick_up_the_black_bowl_next_to_the_cookie_box_and_place_it_on_the_plate,pick up the black bowl next to the cookie box and place it on the plate,9,10,1,0.9,"[0.5958499732047615,0.9821237869049271]",True
spatial,libero_spatial,7,pick_up_the_black_bowl_on_the_stove_and_place_it_on_the_plate,pick up the black bowl on the stove and place it on the plate,9,10,1,0.9,"[0.5958499732047615,0.9821237869049271]",True
spatial,libero_spatial,8,pick_up_the_black_bowl_next_to_the_plate_and_place_it_on_the_plate,pick up the black bowl next to the plate and place it on the plate,5,10,5,0.5,"[0.236593090512564,0.7634069094874361]",True
spatial,libero_spatial,9,pick_up_the_black_bowl_on_the_wooden_cabinet_and_place_it_on_the_plate,pick up the black bowl on the wooden cabinet and place it on the plate,7,10,3,0.7,"[0.39677814746114537,0.8922087325936989]",True
